кластер;запрос;интент;страница;статус;приоритет;частотность WS (СПб+ЛО);точная частотность;позиция
Квартиры с торгов (гео);квартиры с торгов спб;коммерческий;/torgi/;есть;A;;;
Квартиры с торгов (гео);квартиры с торгов санкт-петербург;коммерческий;/torgi/;есть;A;;;
Квартиры с торгов (гео);квартиры с торгов в санкт-петербурге;коммерческий;/torgi/;есть;A;;;
Квартиры с торгов (гео);квартира с торгов спб;коммерческий;/torgi/;есть;A;;;
Квартиры с торгов (гео);квартира с торгов санкт-петербург;коммерческий;/torgi/;есть;A;;;
Квартиры с торгов (гео);квартира с торгов в санкт-петербурге;коммерческий;/torgi/;есть;A;;;
Квартиры с торгов (гео);купить квартиру с торгов спб;коммерческий;/torgi/;есть;A;;;
Квартиры с торгов (гео);купить квартиру с торгов санкт-петербург;коммерческий;/torgi/;есть;A;;;
Квартиры с торгов (гео);купить квартиру с торгов в санкт-петербурге;коммерческий;/torgi/;есть;A;;;
Квартиры с торгов (гео);торги квартиры спб;коммерческий;/torgi/;есть;A;;;
Квартиры с торгов (гео);торги квартиры санкт-петербург;коммерческий;/torgi/;есть;A;;;
Квартиры с торгов (гео);торги квартиры в санкт-петербурге;коммерческий;/torgi/;есть;A;;;
Квартиры с торгов (гео);квартиры на торгах спб;коммерческий;/torgi/;есть;A;;;
Квартиры с торгов (гео);квартиры на торгах санкт-петербург;коммерческий;/torgi/;есть;A;;;
Квартиры с торгов (гео);квартиры на торгах в санкт-петербурге;коммерческий;/torgi/;есть;A;;;
Квартиры с торгов (гео);торги недвижимость спб;коммерческий;/torgi/;есть;A;;;
Квартиры с торгов (гео);торги недвижимость санкт-петербург;коммерческий;/torgi/;есть;A;;;
Квартиры с торгов (гео);торги недвижимость в санкт-петербурге;коммерческий;/torgi/;есть;A;;;
Квартиры с торгов (гео);недвижимость с торгов спб;коммерческий;/torgi/;есть;A;;;
Квартиры с торгов (гео);недвижимость с торгов санкт-петербург;коммерческий;/torgi/;есть;A;;;
Квартиры с торгов (гео);недвижимость с торгов в санкт-петербурге;коммерческий;/torgi/;есть;A;;;
Квартиры с торгов (гео);купить недвижимость с торгов спб;коммерческий;/torgi/;есть;A;;;
Квартиры с торгов (гео);купить недвижимость с торгов санкт-петербург;коммерческий;/torgi/;есть;A;;;
Квартиры с торгов (гео);купить недвижимость с торгов в санкт-петербурге;коммерческий;/torgi/;есть;A;;;
Квартиры с торгов (гео);аукцион квартир спб;коммерческий;/torgi/;есть;A;;;
Квартиры с торгов (гео);аукцион квартир санкт-петербург;коммерческий;/torgi/;есть;A;;;
Квартиры с торгов (гео);аукцион квартир в санкт-петербурге;коммерческий;/torgi/;есть;A;;;
Квартиры с торгов (гео);квартиры с торгов ленинградская область;коммерческий;/torgi/;есть;A;;;
Квартиры с торгов (гео);квартиры с торгов в ленинградской области;коммерческий;/torgi/;есть;A;;;
Квартиры с торгов (гео);квартира с торгов ленинградская область;коммерческий;/torgi/;есть;A;;;
Квартиры с торгов (гео);квартира с торгов в ленинградской области;коммерческий;/torgi/;есть;A;;;
Квартиры с торгов (гео);купить квартиру с торгов ленинградская область;коммерческий;/torgi/;есть;A;;;
Квартиры с торгов (гео);купить квартиру с торгов в ленинградской области;коммерческий;/torgi/;есть;A;;;
Квартиры с торгов (гео);торги квартиры ленинградская область;коммерческий;/torgi/;есть;A;;;
Квартиры с торгов (гео);торги квартиры в ленинградской области;коммерческий;/torgi/;есть;A;;;
Квартиры с торгов СПб;квартиры с торгов спб официальный сайт;коммерческий;/torgi/sankt-peterburg/;есть;A;;;
Квартиры с торгов СПб;квартиры с торгов в спб недорого;коммерческий;/torgi/sankt-peterburg/;есть;A;;;
Квартиры с торгов СПб;торги квартиры спб 2026;коммерческий;/torgi/sankt-peterburg/;есть;A;;;
Квартиры с торгов СПб;квартиры с торгов спб вторичка;коммерческий;/torgi/sankt-peterburg/;есть;A;;;
Квартиры с торгов СПб;дешевые квартиры с торгов спб;коммерческий;/torgi/sankt-peterburg/;есть;A;;;
Квартиры с торгов СПб;квартиры с торгов спб цены;коммерческий;/torgi/sankt-peterburg/;есть;A;;;
Квартиры с торгов Ленобласть;квартиры с торгов ленобласть;коммерческий;/torgi/sankt-peterburg/;есть;A;;;
Квартиры с торгов Ленобласть;квартиры с торгов лен обл;коммерческий;/torgi/sankt-peterburg/;есть;A;;;
Квартиры с торгов Ленобласть;дома с торгов ленинградская область;коммерческий;/torgi/sankt-peterburg/;есть;A;;;
Квартиры с торгов Ленобласть;дома с торгов в ленинградской области;коммерческий;/torgi/sankt-peterburg/;есть;A;;;
Квартиры с торгов Ленобласть;дома с торгов ленобласть;коммерческий;/torgi/sankt-peterburg/;есть;A;;;
Квартиры с торгов Ленобласть;дома с торгов лен обл;коммерческий;/torgi/sankt-peterburg/;есть;A;;;
Квартиры с торгов Ленобласть;недвижимость с торгов ленинградская область;коммерческий;/torgi/sankt-peterburg/;есть;A;;;
Квартиры с торгов Ленобласть;недвижимость с торгов в ленинградской области;коммерческий;/torgi/sankt-peterburg/;есть;A;;;
Квартиры с торгов Ленобласть;недвижимость с торгов ленобласть;коммерческий;/torgi/sankt-peterburg/;есть;A;;;
Квартиры с торгов Ленобласть;недвижимость с торгов лен обл;коммерческий;/torgi/sankt-peterburg/;есть;A;;;
Квартиры с торгов Ленобласть;торги по банкротству недвижимость ленинградская область;коммерческий;/torgi/sankt-peterburg/;есть;A;;;
Квартиры с торгов Ленобласть;торги по банкротству недвижимость в ленинградской области;коммерческий;/torgi/sankt-peterburg/;есть;A;;;
Квартиры с торгов Ленобласть;торги по банкротству недвижимость ленобласть;коммерческий;/torgi/sankt-peterburg/;есть;A;;;
Квартиры с торгов Ленобласть;торги по банкротству недвижимость лен обл;коммерческий;/torgi/sankt-peterburg/;есть;A;;;
Банкротство: квартиры;торги по банкротству спб;коммерческий;/torgi/;есть;A;;;
Банкротство: квартиры;торги по банкротству санкт-петербург;коммерческий;/torgi/;есть;A;;;
Банкротство: квартиры;торги по банкротству недвижимость спб;коммерческий;/torgi/;есть;A;;;
Банкротство: квартиры;торги по банкротству недвижимость санкт-петербург;коммерческий;/torgi/;есть;A;;;
Банкротство: квартиры;торги по банкротству квартиры спб;коммерческий;/torgi/;есть;A;;;
Банкротство: квартиры;торги по банкротству квартиры санкт-петербург;коммерческий;/torgi/;есть;A;;;
Банкротство: квартиры;квартиры банкротов спб;коммерческий;/torgi/;есть;A;;;
Банкротство: квартиры;квартиры банкротов санкт-петербург;коммерческий;/torgi/;есть;A;;;
Банкротство: квартиры;имущество банкротов спб;коммерческий;/torgi/;есть;A;;;
Банкротство: квартиры;имущество банкротов санкт-петербург;коммерческий;/torgi/;есть;A;;;
Банкротство: квартиры;купить квартиру банкрота спб;коммерческий;/torgi/;есть;A;;;
Банкротство: квартиры;купить квартиру банкрота санкт-петербург;коммерческий;/torgi/;есть;A;;;
Банкротство: квартиры;квартиры по банкротству спб;коммерческий;/torgi/;есть;A;;;
Банкротство: квартиры;квартиры по банкротству санкт-петербург;коммерческий;/torgi/;есть;A;;;
Банкротство: квартиры;реализация имущества банкротов спб;коммерческий;/torgi/;есть;A;;;
Банкротство: квартиры;реализация имущества банкротов санкт-петербург;коммерческий;/torgi/;есть;A;;;
Банкротство: квартиры;торги по банкротству физических лиц квартиры спб;коммерческий;/torgi/;есть;A;;;
Банкротство: квартиры;торги по банкротству физических лиц квартиры санкт-петербург;коммерческий;/torgi/;есть;A;;;
Банкротство: квартиры;квартира банкрота купить спб;коммерческий;/torgi/;есть;A;;;
Банкротство: квартиры;квартира банкрота купить санкт-петербург;коммерческий;/torgi/;есть;A;;;
Банкротство: квартиры;торги по банкротству;коммерческий;/torgi/;есть;A;;;
Банкротство: квартиры;торги по банкротству недвижимость;коммерческий;/torgi/;есть;A;;;
Банкротство: квартиры;торги по банкротству квартиры;коммерческий;/torgi/;есть;A;;;
Банкротство: квартиры;квартиры банкротов;коммерческий;/torgi/;есть;A;;;
Банкротство: квартиры;имущество банкротов;коммерческий;/torgi/;есть;A;;;
Арестованное и залоговое имущество;арестованное имущество квартиры спб;коммерческий;/torgi/;есть;A;;;
Арестованное и залоговое имущество;арестованное имущество квартиры ленинградская область;коммерческий;/torgi/;есть;A;;;
Арестованное и залоговое имущество;квартиры от приставов спб;коммерческий;/torgi/;есть;A;;;
Арестованное и залоговое имущество;квартиры от приставов ленинградская область;коммерческий;/torgi/;есть;A;;;
Арестованное и залоговое имущество;квартиры должников спб;коммерческий;/torgi/;есть;A;;;
Арестованное и залоговое имущество;квартиры должников ленинградская область;коммерческий;/torgi/;есть;A;;;
Арестованное и залоговое имущество;реализация арестованного имущества квартиры спб;коммерческий;/torgi/;есть;A;;;
Арестованное и залоговое имущество;реализация арестованного имущества квартиры ленинградская область;коммерческий;/torgi/;есть;A;;;
Арестованное и залоговое имущество;торги росимущество квартиры спб;коммерческий;/torgi/;есть;A;;;
Арестованное и залоговое имущество;торги росимущество квартиры ленинградская область;коммерческий;/torgi/;есть;A;;;
Арестованное и залоговое имущество;залоговые квартиры банков спб;коммерческий;/torgi/;есть;A;;;
Арестованное и залоговое имущество;залоговые квартиры банков ленинградская область;коммерческий;/torgi/;есть;A;;;
Арестованное и залоговое имущество;квартиры от банка залоговые спб;коммерческий;/torgi/;есть;A;;;
Арестованное и залоговое имущество;квартиры от банка залоговые ленинградская область;коммерческий;/torgi/;есть;A;;;
Арестованное и залоговое имущество;залоговая недвижимость спб;коммерческий;/torgi/;есть;A;;;
Арестованное и залоговое имущество;залоговая недвижимость ленинградская область;коммерческий;/torgi/;есть;A;;;
Арестованное и залоговое имущество;продажа залоговой недвижимости спб;коммерческий;/torgi/;есть;A;;;
Арестованное и залоговое имущество;продажа залоговой недвижимости ленинградская область;коммерческий;/torgi/;есть;A;;;
Арестованное и залоговое имущество;изъятые квартиры спб;коммерческий;/torgi/;есть;A;;;
Арестованное и залоговое имущество;изъятые квартиры ленинградская область;коммерческий;/torgi/;есть;A;;;
Арестованное и залоговое имущество;конфискат квартиры спб;коммерческий;/torgi/;есть;A;;;
Арестованное и залоговое имущество;конфискат квартиры ленинградская область;коммерческий;/torgi/;есть;A;;;
Арестованное и залоговое имущество;арестованное имущество квартиры;коммерческий;/torgi/;есть;A;;;
Арестованное и залоговое имущество;квартиры от приставов;коммерческий;/torgi/;есть;A;;;
Арестованное и залоговое имущество;квартиры должников;коммерческий;/torgi/;есть;A;;;
Арестованное и залоговое имущество;реализация арестованного имущества квартиры;коммерческий;/torgi/;есть;A;;;
Арестованное и залоговое имущество;торги росимущество квартиры;коммерческий;/torgi/;есть;A;;;
Арестованное и залоговое имущество;залоговые квартиры банков;коммерческий;/torgi/;есть;A;;;
Арестованное и залоговое имущество;квартиры от банка залоговые;коммерческий;/torgi/;есть;A;;;
Арестованное и залоговое имущество;залоговая недвижимость;коммерческий;/torgi/;есть;A;;;
Арестованное и залоговое имущество;продажа залоговой недвижимости;коммерческий;/torgi/;есть;A;;;
Арестованное и залоговое имущество;изъятые квартиры;коммерческий;/torgi/;есть;A;;;
Арестованное и залоговое имущество;конфискат квартиры;коммерческий;/torgi/;есть;A;;;
Тип: odnokomnatnye;однокомнатные квартиры с торгов спб;коммерческий;/torgi/odnokomnatnye/;есть (если есть лоты);B;;;
Тип: odnokomnatnye;однокомнатные квартиры с торгов;коммерческий;/torgi/odnokomnatnye/;есть (если есть лоты);B;;;
Тип: odnokomnatnye;1 комнатная квартира с торгов спб;коммерческий;/torgi/odnokomnatnye/;есть (если есть лоты);B;;;
Тип: odnokomnatnye;1 комнатная квартира с торгов;коммерческий;/torgi/odnokomnatnye/;есть (если есть лоты);B;;;
Тип: odnokomnatnye;однушка с торгов спб;коммерческий;/torgi/odnokomnatnye/;есть (если есть лоты);B;;;
Тип: odnokomnatnye;однушка с торгов;коммерческий;/torgi/odnokomnatnye/;есть (если есть лоты);B;;;
Тип: dvuhkomnatnye;двухкомнатные квартиры с торгов спб;коммерческий;/torgi/dvuhkomnatnye/;есть (если есть лоты);B;;;
Тип: dvuhkomnatnye;двухкомнатные квартиры с торгов;коммерческий;/torgi/dvuhkomnatnye/;есть (если есть лоты);B;;;
Тип: dvuhkomnatnye;2 комнатная квартира с торгов спб;коммерческий;/torgi/dvuhkomnatnye/;есть (если есть лоты);B;;;
Тип: dvuhkomnatnye;2 комнатная квартира с торгов;коммерческий;/torgi/dvuhkomnatnye/;есть (если есть лоты);B;;;
Тип: trehkomnatnye;трехкомнатные квартиры с торгов спб;коммерческий;/torgi/trehkomnatnye/;есть (если есть лоты);B;;;
Тип: trehkomnatnye;трехкомнатные квартиры с торгов;коммерческий;/torgi/trehkomnatnye/;есть (если есть лоты);B;;;
Тип: trehkomnatnye;3 комнатная квартира с торгов спб;коммерческий;/torgi/trehkomnatnye/;есть (если есть лоты);B;;;
Тип: trehkomnatnye;3 комнатная квартира с торгов;коммерческий;/torgi/trehkomnatnye/;есть (если есть лоты);B;;;
Тип: trehkomnatnye;многокомнатная квартира с торгов спб;коммерческий;/torgi/trehkomnatnye/;есть (если есть лоты);B;;;
Тип: trehkomnatnye;многокомнатная квартира с торгов;коммерческий;/torgi/trehkomnatnye/;есть (если есть лоты);B;;;
Тип: komnaty;комнаты с торгов спб;коммерческий;/torgi/komnaty/;есть (если есть лоты);B;;;
Тип: komnaty;комнаты с торгов;коммерческий;/torgi/komnaty/;есть (если есть лоты);B;;;
Тип: komnaty;комната с торгов спб;коммерческий;/torgi/komnaty/;есть (если есть лоты);B;;;
Тип: komnaty;комната с торгов;коммерческий;/torgi/komnaty/;есть (если есть лоты);B;;;
Тип: komnaty;комната в коммуналке с торгов спб;коммерческий;/torgi/komnaty/;есть (если есть лоты);B;;;
Тип: komnaty;комната в коммуналке с торгов;коммерческий;/torgi/komnaty/;есть (если есть лоты);B;;;
Тип: komnaty;коммуналка с торгов спб;коммерческий;/torgi/komnaty/;есть (если есть лоты);B;;;
Тип: komnaty;коммуналка с торгов;коммерческий;/torgi/komnaty/;есть (если есть лоты);B;;;
Тип: doli;доля в квартире с торгов спб;коммерческий;/torgi/doli/;есть (если есть лоты);B;;;
Тип: doli;доля в квартире с торгов;коммерческий;/torgi/doli/;есть (если есть лоты);B;;;
Тип: doli;доли с торгов спб;коммерческий;/torgi/doli/;есть (если есть лоты);B;;;
Тип: doli;доли с торгов;коммерческий;/torgi/doli/;есть (если есть лоты);B;;;
Тип: doli;купить долю с торгов спб;коммерческий;/torgi/doli/;есть (если есть лоты);B;;;
Тип: doli;купить долю с торгов;коммерческий;/torgi/doli/;есть (если есть лоты);B;;;
Тип: do-5-mln;квартира с торгов до 5 млн спб;коммерческий;/torgi/do-5-mln/;есть (если есть лоты);B;;;
Тип: do-5-mln;квартира с торгов до 5 млн;коммерческий;/torgi/do-5-mln/;есть (если есть лоты);B;;;
Тип: do-5-mln;дешевые квартиры с торгов;коммерческий;/torgi/do-5-mln/;есть (если есть лоты);B;;;
Тип: do-5-mln;недорогие квартиры с торгов спб;коммерческий;/torgi/do-5-mln/;есть (если есть лоты);B;;;
Тип: do-5-mln;недорогие квартиры с торгов;коммерческий;/torgi/do-5-mln/;есть (если есть лоты);B;;;
Тип: povtornye-torgi;повторные торги квартиры спб;коммерческий;/torgi/povtornye-torgi/;есть (если есть лоты);B;;;
Тип: povtornye-torgi;повторные торги квартиры;коммерческий;/torgi/povtornye-torgi/;есть (если есть лоты);B;;;
Тип: povtornye-torgi;квартиры на повторных торгах спб;коммерческий;/torgi/povtornye-torgi/;есть (если есть лоты);B;;;
Тип: povtornye-torgi;квартиры на повторных торгах;коммерческий;/torgi/povtornye-torgi/;есть (если есть лоты);B;;;
Тип: студии;студии с торгов спб;коммерческий;/torgi/studii/;план;B;;;
Тип: студии;квартира студия с торгов;коммерческий;/torgi/studii/;план;B;;;
Тип: дома и участки;дом с торгов по банкротству;коммерческий;/torgi/doma/;план (нужна категория 8 и участки);B;;;
Тип: дома и участки;земельные участки с торгов ленинградская область;коммерческий;/torgi/doma/;план (нужна категория 8 и участки);B;;;
Тип: дома и участки;участок с торгов по банкротству;коммерческий;/torgi/doma/;план (нужна категория 8 и участки);B;;;
Тип: коммерческая;коммерческая недвижимость с торгов спб;коммерческий;/torgi/kommercheskaya/;план (нужна категория нежилых);C;;;
Тип: коммерческая;нежилое помещение с торгов;коммерческий;/torgi/kommercheskaya/;план (нужна категория нежилых);C;;;
Тип: коммерческая;помещение с торгов по банкротству спб;коммерческий;/torgi/kommercheskaya/;план (нужна категория нежилых);C;;;
Тип: гаражи и машиноместа;машиноместо с торгов спб;коммерческий;/torgi/garazhi/;план;C;;;
Тип: гаражи и машиноместа;гараж с торгов спб;коммерческий;/torgi/garazhi/;план;C;;;
Города ЛО;квартиры с торгов мурино;коммерческий;/torgi/sankt-peterburg/{район}/;есть при наличии лотов;B;;;
Города ЛО;квартиры с торгов кудрово;коммерческий;/torgi/sankt-peterburg/{район}/;есть при наличии лотов;B;;;
Города ЛО;квартиры с торгов всеволожск;коммерческий;/torgi/sankt-peterburg/{район}/;есть при наличии лотов;B;;;
Города ЛО;квартиры с торгов гатчина;коммерческий;/torgi/sankt-peterburg/{район}/;есть при наличии лотов;B;;;
Города ЛО;квартиры с торгов выборг;коммерческий;/torgi/sankt-peterburg/{район}/;есть при наличии лотов;B;;;
Города ЛО;квартиры с торгов тосно;коммерческий;/torgi/sankt-peterburg/{район}/;есть при наличии лотов;B;;;
Города ЛО;квартиры с торгов кириши;коммерческий;/torgi/sankt-peterburg/{район}/;есть при наличии лотов;B;;;
Города ЛО;квартиры с торгов сертолово;коммерческий;/torgi/sankt-peterburg/{район}/;есть при наличии лотов;B;;;
Города ЛО;квартиры с торгов сосновый бор;коммерческий;/torgi/sankt-peterburg/{район}/;есть при наличии лотов;B;;;
Города ЛО;квартиры с торгов кингисепп;коммерческий;/torgi/sankt-peterburg/{район}/;есть при наличии лотов;B;;;
Города ЛО;квартиры с торгов луга;коммерческий;/torgi/sankt-peterburg/{район}/;есть при наличии лотов;B;;;
Города ЛО;квартиры с торгов приозерск;коммерческий;/torgi/sankt-peterburg/{район}/;есть при наличии лотов;B;;;
Города ЛО;квартиры с торгов волхов;коммерческий;/torgi/sankt-peterburg/{район}/;есть при наличии лотов;B;;;
Города ЛО;квартиры с торгов тихвин;коммерческий;/torgi/sankt-peterburg/{район}/;есть при наличии лотов;B;;;
Города ЛО;квартиры с торгов кировск;коммерческий;/torgi/sankt-peterburg/{район}/;есть при наличии лотов;B;;;
Города ЛО;квартиры с торгов отрадное;коммерческий;/torgi/sankt-peterburg/{район}/;есть при наличии лотов;B;;;
Города ЛО;квартиры с торгов никольское;коммерческий;/torgi/sankt-peterburg/{район}/;есть при наличии лотов;B;;;
Города ЛО;квартиры с торгов бугры;коммерческий;/torgi/sankt-peterburg/{район}/;есть при наличии лотов;B;;;
Города ЛО;квартиры с торгов янино;коммерческий;/torgi/sankt-peterburg/{район}/;есть при наличии лотов;B;;;
Города ЛО;квартиры с торгов новое девяткино;коммерческий;/torgi/sankt-peterburg/{район}/;есть при наличии лотов;B;;;
Города ЛО;квартиры с торгов шушары;коммерческий;/torgi/sankt-peterburg/{район}/;есть при наличии лотов;B;;;
Города ЛО;квартиры с торгов токсово;коммерческий;/torgi/sankt-peterburg/{район}/;есть при наличии лотов;B;;;
Города ЛО;квартиры с торгов сланцы;коммерческий;/torgi/sankt-peterburg/{район}/;есть при наличии лотов;B;;;
Города ЛО;квартиры с торгов подпорожье;коммерческий;/torgi/sankt-peterburg/{район}/;есть при наличии лотов;B;;;
Города ЛО;квартиры с торгов лодейное поле;коммерческий;/torgi/sankt-peterburg/{район}/;есть при наличии лотов;B;;;
Города ЛО;квартиры с торгов бокситогорск;коммерческий;/torgi/sankt-peterburg/{район}/;есть при наличии лотов;B;;;
Города ЛО;квартиры с торгов коммунар;коммерческий;/torgi/sankt-peterburg/{район}/;есть при наличии лотов;B;;;
Города ЛО;квартиры с торгов сиверский;коммерческий;/torgi/sankt-peterburg/{район}/;есть при наличии лотов;B;;;
Города ЛО;торги недвижимость мурино;коммерческий;/torgi/sankt-peterburg/{район}/;есть при наличии лотов;B;;;
Города ЛО;торги недвижимость кудрово;коммерческий;/torgi/sankt-peterburg/{район}/;есть при наличии лотов;B;;;
Города ЛО;торги недвижимость всеволожск;коммерческий;/torgi/sankt-peterburg/{район}/;есть при наличии лотов;B;;;
Города ЛО;торги недвижимость гатчина;коммерческий;/torgi/sankt-peterburg/{район}/;есть при наличии лотов;B;;;
Города ЛО;торги недвижимость выборг;коммерческий;/torgi/sankt-peterburg/{район}/;есть при наличии лотов;B;;;
Города ЛО;торги недвижимость тосно;коммерческий;/torgi/sankt-peterburg/{район}/;есть при наличии лотов;B;;;
Города ЛО;торги недвижимость кириши;коммерческий;/torgi/sankt-peterburg/{район}/;есть при наличии лотов;B;;;
Города ЛО;торги недвижимость сертолово;коммерческий;/torgi/sankt-peterburg/{район}/;есть при наличии лотов;B;;;
Города ЛО;торги недвижимость сосновый бор;коммерческий;/torgi/sankt-peterburg/{район}/;есть при наличии лотов;B;;;
Города ЛО;торги недвижимость кингисепп;коммерческий;/torgi/sankt-peterburg/{район}/;есть при наличии лотов;B;;;
Районы СПб;квартиры с торгов адмиралтейский район;коммерческий;/torgi/sankt-peterburg/{район}/;план (нужно определение района по адресу);B;;;
Районы СПб;квартиры с торгов василеостровский район;коммерческий;/torgi/sankt-peterburg/{район}/;план (нужно определение района по адресу);B;;;
Районы СПб;квартиры с торгов выборгский район;коммерческий;/torgi/sankt-peterburg/{район}/;план (нужно определение района по адресу);B;;;
Районы СПб;квартиры с торгов калининский район;коммерческий;/torgi/sankt-peterburg/{район}/;план (нужно определение района по адресу);B;;;
Районы СПб;квартиры с торгов кировский район;коммерческий;/torgi/sankt-peterburg/{район}/;план (нужно определение района по адресу);B;;;
Районы СПб;квартиры с торгов колпинский район;коммерческий;/torgi/sankt-peterburg/{район}/;план (нужно определение района по адресу);B;;;
Районы СПб;квартиры с торгов красногвардейский район;коммерческий;/torgi/sankt-peterburg/{район}/;план (нужно определение района по адресу);B;;;
Районы СПб;квартиры с торгов красносельский район;коммерческий;/torgi/sankt-peterburg/{район}/;план (нужно определение района по адресу);B;;;
Районы СПб;квартиры с торгов кронштадтский район;коммерческий;/torgi/sankt-peterburg/{район}/;план (нужно определение района по адресу);B;;;
Районы СПб;квартиры с торгов курортный район;коммерческий;/torgi/sankt-peterburg/{район}/;план (нужно определение района по адресу);B;;;
Районы СПб;квартиры с торгов московский район;коммерческий;/torgi/sankt-peterburg/{район}/;план (нужно определение района по адресу);B;;;
Районы СПб;квартиры с торгов невский район;коммерческий;/torgi/sankt-peterburg/{район}/;план (нужно определение района по адресу);B;;;
Районы СПб;квартиры с торгов петроградский район;коммерческий;/torgi/sankt-peterburg/{район}/;план (нужно определение района по адресу);B;;;
Районы СПб;квартиры с торгов петродворцовый район;коммерческий;/torgi/sankt-peterburg/{район}/;план (нужно определение района по адресу);B;;;
Районы СПб;квартиры с торгов приморский район;коммерческий;/torgi/sankt-peterburg/{район}/;план (нужно определение района по адресу);B;;;
Районы СПб;квартиры с торгов пушкинский район;коммерческий;/torgi/sankt-peterburg/{район}/;план (нужно определение района по адресу);B;;;
Районы СПб;квартиры с торгов фрунзенский район;коммерческий;/torgi/sankt-peterburg/{район}/;план (нужно определение района по адресу);B;;;
Районы СПб;квартиры с торгов центральный район;коммерческий;/torgi/sankt-peterburg/{район}/;план (нужно определение района по адресу);B;;;
Районы СПб;квартиры с торгов колпино;коммерческий;/torgi/sankt-peterburg/{район}/;план (нужно определение района по адресу);B;;;
Районы СПб;квартиры с торгов пушкин;коммерческий;/torgi/sankt-peterburg/{район}/;план (нужно определение района по адресу);B;;;
Районы СПб;квартиры с торгов парголово;коммерческий;/torgi/sankt-peterburg/{район}/;план (нужно определение района по адресу);B;;;
Районы СПб;квартиры с торгов сестрорецк;коммерческий;/torgi/sankt-peterburg/{район}/;план (нужно определение района по адресу);B;;;
Районы СПб;квартиры с торгов петергоф;коммерческий;/torgi/sankt-peterburg/{район}/;план (нужно определение района по адресу);B;;;
Районы СПб;квартиры с торгов ломоносов;коммерческий;/torgi/sankt-peterburg/{район}/;план (нужно определение района по адресу);B;;;
Районы СПб;квартиры с торгов красное село;коммерческий;/torgi/sankt-peterburg/{район}/;план (нужно определение района по адресу);B;;;
Районы СПб;квартиры с торгов кронштадт;коммерческий;/torgi/sankt-peterburg/{район}/;план (нужно определение района по адресу);B;;;
Город: москва;квартиры с торгов москва;коммерческий;/torgi/moskva/;есть;A;;;
Город: москва;купить квартиру с торгов москва;коммерческий;/torgi/moskva/;есть;A;;;
Город: москва;торги по банкротству недвижимость москва;коммерческий;/torgi/moskva/;есть;A;;;
Город: москва;квартиры от приставов москва;коммерческий;/torgi/moskva/;есть;A;;;
Город: москва;арестованное имущество квартиры москва;коммерческий;/torgi/moskva/;есть;A;;;
Город: москва;торги недвижимость москва;коммерческий;/torgi/moskva/;есть;A;;;
Город: москва;квартиры банкротов москва;коммерческий;/torgi/moskva/;есть;A;;;
Город: москва;недвижимость с торгов подмосковье;коммерческий;/torgi/moskva/;есть;A;;;
Город: москва — подборки;однокомнатные квартиры с торгов москва;коммерческий;/torgi/moskva/{подборка}/;есть при ≥3 лотах;B;;;
Город: москва — подборки;доли с торгов москва;коммерческий;/torgi/moskva/{подборка}/;есть при ≥3 лотах;B;;;
Город: москва — подборки;квартира с торгов до 5 млн москва;коммерческий;/torgi/moskva/{подборка}/;есть при ≥3 лотах;B;;;
Город: новосибирск;квартиры с торгов новосибирск;коммерческий;/torgi/novosibirsk/;есть;A;;;
Город: новосибирск;купить квартиру с торгов новосибирск;коммерческий;/torgi/novosibirsk/;есть;A;;;
Город: новосибирск;торги по банкротству недвижимость новосибирск;коммерческий;/torgi/novosibirsk/;есть;A;;;
Город: новосибирск;квартиры от приставов новосибирск;коммерческий;/torgi/novosibirsk/;есть;A;;;
Город: новосибирск;арестованное имущество квартиры новосибирск;коммерческий;/torgi/novosibirsk/;есть;A;;;
Город: новосибирск;торги недвижимость новосибирск;коммерческий;/torgi/novosibirsk/;есть;A;;;
Город: новосибирск;квартиры банкротов новосибирск;коммерческий;/torgi/novosibirsk/;есть;A;;;
Город: новосибирск;недвижимость с торгов новосибирская область;коммерческий;/torgi/novosibirsk/;есть;A;;;
Город: новосибирск — подборки;однокомнатные квартиры с торгов новосибирск;коммерческий;/torgi/novosibirsk/{подборка}/;есть при ≥3 лотах;B;;;
Город: новосибирск — подборки;доли с торгов новосибирск;коммерческий;/torgi/novosibirsk/{подборка}/;есть при ≥3 лотах;B;;;
Город: новосибирск — подборки;квартира с торгов до 5 млн новосибирск;коммерческий;/torgi/novosibirsk/{подборка}/;есть при ≥3 лотах;B;;;
Город: екатеринбург;квартиры с торгов екатеринбург;коммерческий;/torgi/ekaterinburg/;есть;A;;;
Город: екатеринбург;купить квартиру с торгов екатеринбург;коммерческий;/torgi/ekaterinburg/;есть;A;;;
Город: екатеринбург;торги по банкротству недвижимость екатеринбург;коммерческий;/torgi/ekaterinburg/;есть;A;;;
Город: екатеринбург;квартиры от приставов екатеринбург;коммерческий;/torgi/ekaterinburg/;есть;A;;;
Город: екатеринбург;арестованное имущество квартиры екатеринбург;коммерческий;/torgi/ekaterinburg/;есть;A;;;
Город: екатеринбург;торги недвижимость екатеринбург;коммерческий;/torgi/ekaterinburg/;есть;A;;;
Город: екатеринбург;квартиры банкротов екатеринбург;коммерческий;/torgi/ekaterinburg/;есть;A;;;
Город: екатеринбург;недвижимость с торгов свердловская область;коммерческий;/torgi/ekaterinburg/;есть;A;;;
Город: екатеринбург — подборки;однокомнатные квартиры с торгов екатеринбург;коммерческий;/torgi/ekaterinburg/{подборка}/;есть при ≥3 лотах;B;;;
Город: екатеринбург — подборки;доли с торгов екатеринбург;коммерческий;/torgi/ekaterinburg/{подборка}/;есть при ≥3 лотах;B;;;
Город: екатеринбург — подборки;квартира с торгов до 5 млн екатеринбург;коммерческий;/torgi/ekaterinburg/{подборка}/;есть при ≥3 лотах;B;;;
Город: казань;квартиры с торгов казань;коммерческий;/torgi/kazan/;есть;A;;;
Город: казань;купить квартиру с торгов казань;коммерческий;/torgi/kazan/;есть;A;;;
Город: казань;торги по банкротству недвижимость казань;коммерческий;/torgi/kazan/;есть;A;;;
Город: казань;квартиры от приставов казань;коммерческий;/torgi/kazan/;есть;A;;;
Город: казань;арестованное имущество квартиры казань;коммерческий;/torgi/kazan/;есть;A;;;
Город: казань;торги недвижимость казань;коммерческий;/torgi/kazan/;есть;A;;;
Город: казань;квартиры банкротов казань;коммерческий;/torgi/kazan/;есть;A;;;
Город: казань;недвижимость с торгов татарстан;коммерческий;/torgi/kazan/;есть;A;;;
Город: казань — подборки;однокомнатные квартиры с торгов казань;коммерческий;/torgi/kazan/{подборка}/;есть при ≥3 лотах;B;;;
Город: казань — подборки;доли с торгов казань;коммерческий;/torgi/kazan/{подборка}/;есть при ≥3 лотах;B;;;
Город: казань — подборки;квартира с торгов до 5 млн казань;коммерческий;/torgi/kazan/{подборка}/;есть при ≥3 лотах;B;;;
Город: красноярск;квартиры с торгов красноярск;коммерческий;/torgi/krasnoyarsk/;есть;A;;;
Город: красноярск;купить квартиру с торгов красноярск;коммерческий;/torgi/krasnoyarsk/;есть;A;;;
Город: красноярск;торги по банкротству недвижимость красноярск;коммерческий;/torgi/krasnoyarsk/;есть;A;;;
Город: красноярск;квартиры от приставов красноярск;коммерческий;/torgi/krasnoyarsk/;есть;A;;;
Город: красноярск;арестованное имущество квартиры красноярск;коммерческий;/torgi/krasnoyarsk/;есть;A;;;
Город: красноярск;торги недвижимость красноярск;коммерческий;/torgi/krasnoyarsk/;есть;A;;;
Город: красноярск;квартиры банкротов красноярск;коммерческий;/torgi/krasnoyarsk/;есть;A;;;
Город: красноярск;недвижимость с торгов красноярский край;коммерческий;/torgi/krasnoyarsk/;есть;A;;;
Город: красноярск — подборки;однокомнатные квартиры с торгов красноярск;коммерческий;/torgi/krasnoyarsk/{подборка}/;есть при ≥3 лотах;B;;;
Город: красноярск — подборки;доли с торгов красноярск;коммерческий;/torgi/krasnoyarsk/{подборка}/;есть при ≥3 лотах;B;;;
Город: красноярск — подборки;квартира с торгов до 5 млн красноярск;коммерческий;/torgi/krasnoyarsk/{подборка}/;есть при ≥3 лотах;B;;;
Город: нижний новгород;квартиры с торгов нижний новгород;коммерческий;/torgi/nizhniy-novgorod/;есть;A;;;
Город: нижний новгород;купить квартиру с торгов нижний новгород;коммерческий;/torgi/nizhniy-novgorod/;есть;A;;;
Город: нижний новгород;торги по банкротству недвижимость нижний новгород;коммерческий;/torgi/nizhniy-novgorod/;есть;A;;;
Город: нижний новгород;квартиры от приставов нижний новгород;коммерческий;/torgi/nizhniy-novgorod/;есть;A;;;
Город: нижний новгород;арестованное имущество квартиры нижний новгород;коммерческий;/torgi/nizhniy-novgorod/;есть;A;;;
Город: нижний новгород;торги недвижимость нижний новгород;коммерческий;/torgi/nizhniy-novgorod/;есть;A;;;
Город: нижний новгород;квартиры банкротов нижний новгород;коммерческий;/torgi/nizhniy-novgorod/;есть;A;;;
Город: нижний новгород;недвижимость с торгов нижегородская область;коммерческий;/torgi/nizhniy-novgorod/;есть;A;;;
Город: нижний новгород — подборки;однокомнатные квартиры с торгов нижний новгород;коммерческий;/torgi/nizhniy-novgorod/{подборка}/;есть при ≥3 лотах;B;;;
Город: нижний новгород — подборки;доли с торгов нижний новгород;коммерческий;/torgi/nizhniy-novgorod/{подборка}/;есть при ≥3 лотах;B;;;
Город: нижний новгород — подборки;квартира с торгов до 5 млн нижний новгород;коммерческий;/torgi/nizhniy-novgorod/{подборка}/;есть при ≥3 лотах;B;;;
Город: челябинск;квартиры с торгов челябинск;коммерческий;/torgi/chelyabinsk/;есть;A;;;
Город: челябинск;купить квартиру с торгов челябинск;коммерческий;/torgi/chelyabinsk/;есть;A;;;
Город: челябинск;торги по банкротству недвижимость челябинск;коммерческий;/torgi/chelyabinsk/;есть;A;;;
Город: челябинск;квартиры от приставов челябинск;коммерческий;/torgi/chelyabinsk/;есть;A;;;
Город: челябинск;арестованное имущество квартиры челябинск;коммерческий;/torgi/chelyabinsk/;есть;A;;;
Город: челябинск;торги недвижимость челябинск;коммерческий;/torgi/chelyabinsk/;есть;A;;;
Город: челябинск;квартиры банкротов челябинск;коммерческий;/torgi/chelyabinsk/;есть;A;;;
Город: челябинск;недвижимость с торгов челябинская область;коммерческий;/torgi/chelyabinsk/;есть;A;;;
Город: челябинск — подборки;однокомнатные квартиры с торгов челябинск;коммерческий;/torgi/chelyabinsk/{подборка}/;есть при ≥3 лотах;B;;;
Город: челябинск — подборки;доли с торгов челябинск;коммерческий;/torgi/chelyabinsk/{подборка}/;есть при ≥3 лотах;B;;;
Город: челябинск — подборки;квартира с торгов до 5 млн челябинск;коммерческий;/torgi/chelyabinsk/{подборка}/;есть при ≥3 лотах;B;;;
Город: уфа;квартиры с торгов уфа;коммерческий;/torgi/ufa/;есть;A;;;
Город: уфа;купить квартиру с торгов уфа;коммерческий;/torgi/ufa/;есть;A;;;
Город: уфа;торги по банкротству недвижимость уфа;коммерческий;/torgi/ufa/;есть;A;;;
Город: уфа;квартиры от приставов уфа;коммерческий;/torgi/ufa/;есть;A;;;
Город: уфа;арестованное имущество квартиры уфа;коммерческий;/torgi/ufa/;есть;A;;;
Город: уфа;торги недвижимость уфа;коммерческий;/torgi/ufa/;есть;A;;;
Город: уфа;квартиры банкротов уфа;коммерческий;/torgi/ufa/;есть;A;;;
Город: уфа;недвижимость с торгов башкортостан;коммерческий;/torgi/ufa/;есть;A;;;
Город: уфа — подборки;однокомнатные квартиры с торгов уфа;коммерческий;/torgi/ufa/{подборка}/;есть при ≥3 лотах;B;;;
Город: уфа — подборки;доли с торгов уфа;коммерческий;/torgi/ufa/{подборка}/;есть при ≥3 лотах;B;;;
Город: уфа — подборки;квартира с торгов до 5 млн уфа;коммерческий;/torgi/ufa/{подборка}/;есть при ≥3 лотах;B;;;
Город: краснодар;квартиры с торгов краснодар;коммерческий;/torgi/krasnodar/;есть;A;;;
Город: краснодар;купить квартиру с торгов краснодар;коммерческий;/torgi/krasnodar/;есть;A;;;
Город: краснодар;торги по банкротству недвижимость краснодар;коммерческий;/torgi/krasnodar/;есть;A;;;
Город: краснодар;квартиры от приставов краснодар;коммерческий;/torgi/krasnodar/;есть;A;;;
Город: краснодар;арестованное имущество квартиры краснодар;коммерческий;/torgi/krasnodar/;есть;A;;;
Город: краснодар;торги недвижимость краснодар;коммерческий;/torgi/krasnodar/;есть;A;;;
Город: краснодар;квартиры банкротов краснодар;коммерческий;/torgi/krasnodar/;есть;A;;;
Город: краснодар;недвижимость с торгов краснодарский край;коммерческий;/torgi/krasnodar/;есть;A;;;
Город: краснодар — подборки;однокомнатные квартиры с торгов краснодар;коммерческий;/torgi/krasnodar/{подборка}/;есть при ≥3 лотах;B;;;
Город: краснодар — подборки;доли с торгов краснодар;коммерческий;/torgi/krasnodar/{подборка}/;есть при ≥3 лотах;B;;;
Город: краснодар — подборки;квартира с торгов до 5 млн краснодар;коммерческий;/torgi/krasnodar/{подборка}/;есть при ≥3 лотах;B;;;
Город: самара;квартиры с торгов самара;коммерческий;/torgi/samara/;есть;A;;;
Город: самара;купить квартиру с торгов самара;коммерческий;/torgi/samara/;есть;A;;;
Город: самара;торги по банкротству недвижимость самара;коммерческий;/torgi/samara/;есть;A;;;
Город: самара;квартиры от приставов самара;коммерческий;/torgi/samara/;есть;A;;;
Город: самара;арестованное имущество квартиры самара;коммерческий;/torgi/samara/;есть;A;;;
Город: самара;торги недвижимость самара;коммерческий;/torgi/samara/;есть;A;;;
Город: самара;квартиры банкротов самара;коммерческий;/torgi/samara/;есть;A;;;
Город: самара;недвижимость с торгов самарская область;коммерческий;/torgi/samara/;есть;A;;;
Город: самара — подборки;однокомнатные квартиры с торгов самара;коммерческий;/torgi/samara/{подборка}/;есть при ≥3 лотах;B;;;
Город: самара — подборки;доли с торгов самара;коммерческий;/torgi/samara/{подборка}/;есть при ≥3 лотах;B;;;
Город: самара — подборки;квартира с торгов до 5 млн самара;коммерческий;/torgi/samara/{подборка}/;есть при ≥3 лотах;B;;;
Город: ростов на дону;квартиры с торгов ростов на дону;коммерческий;/torgi/rostov-na-donu/;есть;A;;;
Город: ростов на дону;купить квартиру с торгов ростов на дону;коммерческий;/torgi/rostov-na-donu/;есть;A;;;
Город: ростов на дону;торги по банкротству недвижимость ростов на дону;коммерческий;/torgi/rostov-na-donu/;есть;A;;;
Город: ростов на дону;квартиры от приставов ростов на дону;коммерческий;/torgi/rostov-na-donu/;есть;A;;;
Город: ростов на дону;арестованное имущество квартиры ростов на дону;коммерческий;/torgi/rostov-na-donu/;есть;A;;;
Город: ростов на дону;торги недвижимость ростов на дону;коммерческий;/torgi/rostov-na-donu/;есть;A;;;
Город: ростов на дону;квартиры банкротов ростов на дону;коммерческий;/torgi/rostov-na-donu/;есть;A;;;
Город: ростов на дону;недвижимость с торгов ростовская область;коммерческий;/torgi/rostov-na-donu/;есть;A;;;
Город: ростов на дону — подборки;однокомнатные квартиры с торгов ростов на дону;коммерческий;/torgi/rostov-na-donu/{подборка}/;есть при ≥3 лотах;B;;;
Город: ростов на дону — подборки;доли с торгов ростов на дону;коммерческий;/torgi/rostov-na-donu/{подборка}/;есть при ≥3 лотах;B;;;
Город: ростов на дону — подборки;квартира с торгов до 5 млн ростов на дону;коммерческий;/torgi/rostov-na-donu/{подборка}/;есть при ≥3 лотах;B;;;
Город: омск;квартиры с торгов омск;коммерческий;/torgi/omsk/;есть;A;;;
Город: омск;купить квартиру с торгов омск;коммерческий;/torgi/omsk/;есть;A;;;
Город: омск;торги по банкротству недвижимость омск;коммерческий;/torgi/omsk/;есть;A;;;
Город: омск;квартиры от приставов омск;коммерческий;/torgi/omsk/;есть;A;;;
Город: омск;арестованное имущество квартиры омск;коммерческий;/torgi/omsk/;есть;A;;;
Город: омск;торги недвижимость омск;коммерческий;/torgi/omsk/;есть;A;;;
Город: омск;квартиры банкротов омск;коммерческий;/torgi/omsk/;есть;A;;;
Город: омск;недвижимость с торгов омская область;коммерческий;/torgi/omsk/;есть;A;;;
Город: омск — подборки;однокомнатные квартиры с торгов омск;коммерческий;/torgi/omsk/{подборка}/;есть при ≥3 лотах;B;;;
Город: омск — подборки;доли с торгов омск;коммерческий;/torgi/omsk/{подборка}/;есть при ≥3 лотах;B;;;
Город: омск — подборки;квартира с торгов до 5 млн омск;коммерческий;/torgi/omsk/{подборка}/;есть при ≥3 лотах;B;;;
Город: воронеж;квартиры с торгов воронеж;коммерческий;/torgi/voronezh/;есть;A;;;
Город: воронеж;купить квартиру с торгов воронеж;коммерческий;/torgi/voronezh/;есть;A;;;
Город: воронеж;торги по банкротству недвижимость воронеж;коммерческий;/torgi/voronezh/;есть;A;;;
Город: воронеж;квартиры от приставов воронеж;коммерческий;/torgi/voronezh/;есть;A;;;
Город: воронеж;арестованное имущество квартиры воронеж;коммерческий;/torgi/voronezh/;есть;A;;;
Город: воронеж;торги недвижимость воронеж;коммерческий;/torgi/voronezh/;есть;A;;;
Город: воронеж;квартиры банкротов воронеж;коммерческий;/torgi/voronezh/;есть;A;;;
Город: воронеж;недвижимость с торгов воронежская область;коммерческий;/torgi/voronezh/;есть;A;;;
Город: воронеж — подборки;однокомнатные квартиры с торгов воронеж;коммерческий;/torgi/voronezh/{подборка}/;есть при ≥3 лотах;B;;;
Город: воронеж — подборки;доли с торгов воронеж;коммерческий;/torgi/voronezh/{подборка}/;есть при ≥3 лотах;B;;;
Город: воронеж — подборки;квартира с торгов до 5 млн воронеж;коммерческий;/torgi/voronezh/{подборка}/;есть при ≥3 лотах;B;;;
Город: пермь;квартиры с торгов пермь;коммерческий;/torgi/perm/;есть;A;;;
Город: пермь;купить квартиру с торгов пермь;коммерческий;/torgi/perm/;есть;A;;;
Город: пермь;торги по банкротству недвижимость пермь;коммерческий;/torgi/perm/;есть;A;;;
Город: пермь;квартиры от приставов пермь;коммерческий;/torgi/perm/;есть;A;;;
Город: пермь;арестованное имущество квартиры пермь;коммерческий;/torgi/perm/;есть;A;;;
Город: пермь;торги недвижимость пермь;коммерческий;/torgi/perm/;есть;A;;;
Город: пермь;квартиры банкротов пермь;коммерческий;/torgi/perm/;есть;A;;;
Город: пермь;недвижимость с торгов пермский край;коммерческий;/torgi/perm/;есть;A;;;
Город: пермь — подборки;однокомнатные квартиры с торгов пермь;коммерческий;/torgi/perm/{подборка}/;есть при ≥3 лотах;B;;;
Город: пермь — подборки;доли с торгов пермь;коммерческий;/torgi/perm/{подборка}/;есть при ≥3 лотах;B;;;
Город: пермь — подборки;квартира с торгов до 5 млн пермь;коммерческий;/torgi/perm/{подборка}/;есть при ≥3 лотах;B;;;
Город: волгоград;квартиры с торгов волгоград;коммерческий;/torgi/volgograd/;есть;A;;;
Город: волгоград;купить квартиру с торгов волгоград;коммерческий;/torgi/volgograd/;есть;A;;;
Город: волгоград;торги по банкротству недвижимость волгоград;коммерческий;/torgi/volgograd/;есть;A;;;
Город: волгоград;квартиры от приставов волгоград;коммерческий;/torgi/volgograd/;есть;A;;;
Город: волгоград;арестованное имущество квартиры волгоград;коммерческий;/torgi/volgograd/;есть;A;;;
Город: волгоград;торги недвижимость волгоград;коммерческий;/torgi/volgograd/;есть;A;;;
Город: волгоград;квартиры банкротов волгоград;коммерческий;/torgi/volgograd/;есть;A;;;
Город: волгоград;недвижимость с торгов волгоградская область;коммерческий;/torgi/volgograd/;есть;A;;;
Город: волгоград — подборки;однокомнатные квартиры с торгов волгоград;коммерческий;/torgi/volgograd/{подборка}/;есть при ≥3 лотах;B;;;
Город: волгоград — подборки;доли с торгов волгоград;коммерческий;/torgi/volgograd/{подборка}/;есть при ≥3 лотах;B;;;
Город: волгоград — подборки;квартира с торгов до 5 млн волгоград;коммерческий;/torgi/volgograd/{подборка}/;есть при ≥3 лотах;B;;;
Москва и Подмосковье: города;квартиры с торгов балашиха;коммерческий;/torgi/moskva/{город}/;есть при ≥2 лотах;B;;;
Москва и Подмосковье: города;квартиры с торгов подольск;коммерческий;/torgi/moskva/{город}/;есть при ≥2 лотах;B;;;
Москва и Подмосковье: города;квартиры с торгов химки;коммерческий;/torgi/moskva/{город}/;есть при ≥2 лотах;B;;;
Москва и Подмосковье: города;квартиры с торгов мытищи;коммерческий;/torgi/moskva/{город}/;есть при ≥2 лотах;B;;;
Москва и Подмосковье: города;квартиры с торгов люберцы;коммерческий;/torgi/moskva/{город}/;есть при ≥2 лотах;B;;;
Москва и Подмосковье: города;квартиры с торгов королёв;коммерческий;/torgi/moskva/{город}/;есть при ≥2 лотах;B;;;
Москва и Подмосковье: города;квартиры с торгов красногорск;коммерческий;/torgi/moskva/{город}/;есть при ≥2 лотах;B;;;
Москва и Подмосковье: города;квартиры с торгов одинцово;коммерческий;/torgi/moskva/{город}/;есть при ≥2 лотах;B;;;
Москва и Подмосковье: города;квартиры с торгов домодедово;коммерческий;/torgi/moskva/{город}/;есть при ≥2 лотах;B;;;
Москва и Подмосковье: города;квартиры с торгов щёлково;коммерческий;/torgi/moskva/{город}/;есть при ≥2 лотах;B;;;
Москва и Подмосковье: города;квартиры с торгов серпухов;коммерческий;/torgi/moskva/{город}/;есть при ≥2 лотах;B;;;
Москва и Подмосковье: города;квартиры с торгов раменское;коммерческий;/torgi/moskva/{город}/;есть при ≥2 лотах;B;;;
Москва и Подмосковье: города;квартиры с торгов долгопрудный;коммерческий;/torgi/moskva/{город}/;есть при ≥2 лотах;B;;;
Москва и Подмосковье: города;квартиры с торгов реутов;коммерческий;/torgi/moskva/{город}/;есть при ≥2 лотах;B;;;
Москва и Подмосковье: города;квартиры с торгов пушкино;коммерческий;/torgi/moskva/{город}/;есть при ≥2 лотах;B;;;
Москва и Подмосковье: города;квартиры с торгов жуковский;коммерческий;/torgi/moskva/{город}/;есть при ≥2 лотах;B;;;
Москва и Подмосковье: города;квартиры с торгов ногинск;коммерческий;/torgi/moskva/{город}/;есть при ≥2 лотах;B;;;
Москва и Подмосковье: города;квартиры с торгов сергиев посад;коммерческий;/torgi/moskva/{город}/;есть при ≥2 лотах;B;;;
Москва и Подмосковье: города;квартиры с торгов обнинск;коммерческий;/torgi/moskva/{город}/;есть при ≥2 лотах;B;;;
Москва и Подмосковье: города;квартиры с торгов электросталь;коммерческий;/torgi/moskva/{город}/;есть при ≥2 лотах;B;;;
Услуга: покупка под ключ;агент по торгам по банкротству;коммерческий;/kupit-kvartiru-s-torgov/;есть;A;;;
Услуга: покупка под ключ;агент по торгам спб;коммерческий;/kupit-kvartiru-s-torgov/;есть;A;;;
Услуга: покупка под ключ;помощь в торгах по банкротству;коммерческий;/kupit-kvartiru-s-torgov/;есть;A;;;
Услуга: покупка под ключ;сопровождение торгов по банкротству;коммерческий;/kupit-kvartiru-s-torgov/;есть;A;;;
Услуга: покупка под ключ;участие в торгах под ключ;коммерческий;/kupit-kvartiru-s-torgov/;есть;A;;;
Услуга: покупка под ключ;покупка квартиры на торгах под ключ;коммерческий;/kupit-kvartiru-s-torgov/;есть;A;;;
Услуга: покупка под ключ;брокер по торгам;коммерческий;/kupit-kvartiru-s-torgov/;есть;A;;;
Услуга: покупка под ключ;услуги агента по торгам стоимость;коммерческий;/kupit-kvartiru-s-torgov/;есть;A;;;
Услуга: покупка под ключ;агент для участия в торгах;коммерческий;/kupit-kvartiru-s-torgov/;есть;A;;;
Услуга: покупка под ключ;помощь в покупке квартиры с торгов;коммерческий;/kupit-kvartiru-s-torgov/;есть;A;;;
Услуга: покупка под ключ;кто поможет купить квартиру на торгах;коммерческий;/kupit-kvartiru-s-torgov/;есть;A;;;
Услуга: покупка под ключ;участие в торгах по доверенности;коммерческий;/kupit-kvartiru-s-torgov/;есть;A;;;
Услуга: покупка под ключ;сопровождение сделки с торгов;коммерческий;/kupit-kvartiru-s-torgov/;есть;A;;;
Услуга: покупка под ключ;агент по торгам банкротство спб отзывы;коммерческий;/kupit-kvartiru-s-torgov/;есть;A;;;
Услуга: проверка лота;проверка лота на торгах;коммерческий;/proverka-lota/;есть;A;;;
Услуга: проверка лота;проверка квартиры с торгов;коммерческий;/proverka-lota/;есть;A;;;
Услуга: проверка лота;анализ лота торги по банкротству;коммерческий;/proverka-lota/;есть;A;;;
Услуга: проверка лота;юрист по торгам по банкротству;коммерческий;/proverka-lota/;есть;A;;;
Услуга: проверка лота;проверить квартиру перед покупкой на торгах;коммерческий;/proverka-lota/;есть;A;;;
Услуга: проверка лота;юридическая проверка лота;коммерческий;/proverka-lota/;есть;A;;;
Услуга: проверка лота;due diligence лота торги;коммерческий;/proverka-lota/;есть;A;;;
Инвестиции;инвестиции в недвижимость с торгов;коммерческий/инфо;/investoram/;есть;A;;;
Инвестиции;заработок на торгах по банкротству;коммерческий/инфо;/investoram/;есть;A;;;
Инвестиции;перепродажа квартир с торгов;коммерческий/инфо;/investoram/;есть;A;;;
Инвестиции;флиппинг квартир с торгов;коммерческий/инфо;/investoram/;есть;A;;;
Инвестиции;доходность торгов по банкротству;коммерческий/инфо;/investoram/;есть;A;;;
Инвестиции;инвестиции в торги по банкротству;коммерческий/инфо;/investoram/;есть;A;;;
Инвестиции;бизнес на торгах по банкротству;коммерческий/инфо;/investoram/;есть;A;;;
Инвестиции;квартиры с торгов для перепродажи;коммерческий/инфо;/investoram/;есть;A;;;
Инвестиции;квартиры с торгов под сдачу;коммерческий/инфо;/investoram/;есть;A;;;
Инвестиции;как заработать на торгах недвижимости;коммерческий/инфо;/investoram/;есть;A;;;
Калькулятор;калькулятор торгов по банкротству;инструмент;/kalkulyator-stavki/;есть;A;;;
Калькулятор;рассчитать ставку на торгах;инструмент;/kalkulyator-stavki/;есть;A;;;
Калькулятор;калькулятор доходности квартиры с торгов;инструмент;/kalkulyator-stavki/;есть;A;;;
Калькулятор;максимальная цена на торгах как посчитать;инструмент;/kalkulyator-stavki/;есть;A;;;
Калькулятор;калькулятор флиппинга;инструмент;/kalkulyator-stavki/;есть;A;;;
Подписка / агрегатор;агрегатор торгов по банкротству;коммерческий;/torgi/;"есть; подписка — план (Telegram-бот)";B;;;
Подписка / агрегатор;база торгов по банкротству;коммерческий;/torgi/;"есть; подписка — план (Telegram-бот)";B;;;
Подписка / агрегатор;мониторинг торгов по банкротству;коммерческий;/torgi/;"есть; подписка — план (Telegram-бот)";B;;;
Подписка / агрегатор;подписка на торги по банкротству;коммерческий;/torgi/;"есть; подписка — план (Telegram-бот)";B;;;
Подписка / агрегатор;все торги по банкротству в одном месте;коммерческий;/torgi/;"есть; подписка — план (Telegram-бот)";B;;;
Подписка / агрегатор;поиск лотов по банкротству;коммерческий;/torgi/;"есть; подписка — план (Telegram-бот)";B;;;
Подписка / агрегатор;бот торги по банкротству телеграм;коммерческий;/torgi/;"есть; подписка — план (Telegram-бот)";B;;;
Инфо: kak-kupit-kvartiru-na-torgah-po-bankrotstvu;как купить квартиру на торгах по банкротству;информационный;/stati/kak-kupit-kvartiru-na-torgah-po-bankrotstvu/;есть;A;;;
Инфо: kak-kupit-kvartiru-na-torgah-po-bankrotstvu;как купить квартиру с торгов;информационный;/stati/kak-kupit-kvartiru-na-torgah-po-bankrotstvu/;есть;A;;;
Инфо: kak-kupit-kvartiru-na-torgah-po-bankrotstvu;как участвовать в торгах по банкротству;информационный;/stati/kak-kupit-kvartiru-na-torgah-po-bankrotstvu/;есть;A;;;
Инфо: kak-kupit-kvartiru-na-torgah-po-bankrotstvu;торги по банкротству с чего начать;информационный;/stati/kak-kupit-kvartiru-na-torgah-po-bankrotstvu/;есть;A;;;
Инфо: kak-kupit-kvartiru-na-torgah-po-bankrotstvu;как купить недвижимость на торгах пошаговая инструкция;информационный;/stati/kak-kupit-kvartiru-na-torgah-po-bankrotstvu/;есть;A;;;
Инфо: kak-kupit-kvartiru-na-torgah-po-bankrotstvu;торги по банкротству для начинающих;информационный;/stati/kak-kupit-kvartiru-na-torgah-po-bankrotstvu/;есть;A;;;
Инфо: torgi-po-bankrotstvu-i-torgi-arestovannogo-imushchestva;торги по банкротству и арестованное имущество разница;информационный;/stati/torgi-po-bankrotstvu-i-torgi-arestovannogo-imushchestva/;есть;A;;;
Инфо: torgi-po-bankrotstvu-i-torgi-arestovannogo-imushchestva;чем отличаются торги по банкротству;информационный;/stati/torgi-po-bankrotstvu-i-torgi-arestovannogo-imushchestva/;есть;A;;;
Инфо: torgi-po-bankrotstvu-i-torgi-arestovannogo-imushchestva;торги 127 фз и 229 фз;информационный;/stati/torgi-po-bankrotstvu-i-torgi-arestovannogo-imushchestva/;есть;A;;;
Инфо: proverka-kvartiry-s-torgov;как проверить квартиру с торгов;информационный;/stati/proverka-kvartiry-s-torgov/;есть;A;;;
Инфо: proverka-kvartiry-s-torgov;что проверить перед покупкой квартиры с торгов;информационный;/stati/proverka-kvartiry-s-torgov/;есть;A;;;
Инфо: proverka-kvartiry-s-torgov;чек лист проверки лота;информационный;/stati/proverka-kvartiry-s-torgov/;есть;A;;;
Инфо: zhilcy-v-kvartire-s-torgov;как выселить жильцов после покупки с торгов;информационный;/stati/zhilcy-v-kvartire-s-torgov/;есть;A;;;
Инфо: zhilcy-v-kvartire-s-torgov;квартира с торгов с прописанными;информационный;/stati/zhilcy-v-kvartire-s-torgov/;есть;A;;;
Инфо: zhilcy-v-kvartire-s-torgov;выписать бывшего собственника после торгов;информационный;/stati/zhilcy-v-kvartire-s-torgov/;есть;A;;;
Инфо: zhilcy-v-kvartire-s-torgov;квартира с торгов прописаны дети;информационный;/stati/zhilcy-v-kvartire-s-torgov/;есть;A;;;
Инфо: kak-rasschitat-stavku-na-torgah;как рассчитать ставку на торгах;информационный;/stati/kak-rasschitat-stavku-na-torgah/;есть;A;;;
Инфо: kak-rasschitat-stavku-na-torgah;сколько ставить на торгах по банкротству;информационный;/stati/kak-rasschitat-stavku-na-torgah/;есть;A;;;
Инфо: kak-rasschitat-stavku-na-torgah;стратегия ставок на торгах;информационный;/stati/kak-rasschitat-stavku-na-torgah/;есть;A;;;
Инфо: publichnoe-predlozhenie;публичное предложение торги;информационный;/stati/publichnoe-predlozhenie/;есть;A;;;
Инфо: publichnoe-predlozhenie;торги в форме публичного предложения как выиграть;информационный;/stati/publichnoe-predlozhenie/;есть;A;;;
Инфо: publichnoe-predlozhenie;понижение цены на торгах по банкротству;информационный;/stati/publichnoe-predlozhenie/;есть;A;;;
Инфо: publichnoe-predlozhenie;цена отсечения;информационный;/stati/publichnoe-predlozhenie/;есть;A;;;
Инфо: ecp-dlya-torgov;эцп для торгов по банкротству;информационный;/stati/ecp-dlya-torgov/;есть;A;;;
Инфо: ecp-dlya-torgov;какая эцп нужна для торгов;информационный;/stati/ecp-dlya-torgov/;есть;A;;;
Инфо: ecp-dlya-torgov;где получить эцп для торгов физлицу;информационный;/stati/ecp-dlya-torgov/;есть;A;;;
Инфо: ploshchadki-torgov-po-bankrotstvu;площадки торгов по банкротству;информационный;/stati/ploshchadki-torgov-po-bankrotstvu/;план;B;;;
Инфо: ploshchadki-torgov-po-bankrotstvu;электронные площадки торгов по банкротству список;информационный;/stati/ploshchadki-torgov-po-bankrotstvu/;план;B;;;
Инфо: ploshchadki-torgov-po-bankrotstvu;где проходят торги по банкротству;информационный;/stati/ploshchadki-torgov-po-bankrotstvu/;план;B;;;
Инфо: zadatok-na-torgah;задаток на торгах по банкротству;информационный;/stati/zadatok-na-torgah/;есть;A;;;
Инфо: zadatok-na-torgah;возврат задатка торги;информационный;/stati/zadatok-na-torgah/;есть;A;;;
Инфо: zadatok-na-torgah;размер задатка на торгах;информационный;/stati/zadatok-na-torgah/;есть;A;;;
Инфо: ipoteka-na-kvartiru-s-torgov;ипотека на квартиру с торгов;информационный;/stati/ipoteka-na-kvartiru-s-torgov/;есть;A;;;
Инфо: ipoteka-na-kvartiru-s-torgov;можно ли купить квартиру с торгов в ипотеку;информационный;/stati/ipoteka-na-kvartiru-s-torgov/;есть;A;;;
Инфо: ipoteka-na-kvartiru-s-torgov;какие банки дают ипотеку на торги по банкротству;информационный;/stati/ipoteka-na-kvartiru-s-torgov/;есть;A;;;
Инфо: povtornye-torgi;повторные торги по банкротству;информационный;/stati/povtornye-torgi/;план;B;;;
Инфо: povtornye-torgi;снижение цены на повторных торгах;информационный;/stati/povtornye-torgi/;план;B;;;
Инфо: povtornye-torgi;вторичные торги арестованного имущества;информационный;/stati/povtornye-torgi/;план;B;;;
Инфо: kak-najti-kvartiry-pristavov;квартиры приставов где смотреть;информационный;/stati/kak-najti-kvartiry-pristavov/;план;B;;;
Инфо: kak-najti-kvartiry-pristavov;torgi.gov.ru квартиры как искать;информационный;/stati/kak-najti-kvartiry-pristavov/;план;B;;;
Инфо: kak-najti-kvartiry-pristavov;как найти арестованное имущество на торгах;информационный;/stati/kak-najti-kvartiry-pristavov/;план;B;;;
Инфо: efrsb-kak-chitat-soobshchenie;ефрсб как найти торги;информационный;/stati/efrsb-kak-chitat-soobshchenie/;план;B;;;
Инфо: efrsb-kak-chitat-soobshchenie;федресурс торги поиск;информационный;/stati/efrsb-kak-chitat-soobshchenie/;план;B;;;
Инфо: efrsb-kak-chitat-soobshchenie;сообщение о торгах ефрсб;информационный;/stati/efrsb-kak-chitat-soobshchenie/;план;B;;;
Инфо: osporivanie-torgov;оспаривание торгов по банкротству;информационный;/stati/osporivanie-torgov/;план;B;;;
Инфо: osporivanie-torgov;могут ли отменить торги после покупки;информационный;/stati/osporivanie-torgov/;план;B;;;
Инфо: osporivanie-torgov;риски покупателя на торгах по банкротству;информационный;/stati/osporivanie-torgov/;план;B;;;
Инфо: edinstvennoe-zhile-na-torgah;единственное жилье банкрота продажа;информационный;/stati/edinstvennoe-zhile-na-torgah/;план;B;;;
Инфо: edinstvennoe-zhile-na-torgah;можно ли продать единственное жилье на торгах;информационный;/stati/edinstvennoe-zhile-na-torgah/;план;B;;;
Инфо: dolya-s-torgov;стоит ли покупать долю с торгов;информационный;/stati/dolya-s-torgov/;план;B;;;
Инфо: dolya-s-torgov;доля в квартире на торгах риски;информационный;/stati/dolya-s-torgov/;план;B;;;
Инфо: dolgi-kapremont-zhkh;долги по капремонту при покупке квартиры;информационный;/stati/dolgi-kapremont-zhkh/;план;B;;;
Инфо: dolgi-kapremont-zhkh;переходят ли долги жкх при покупке с торгов;информационный;/stati/dolgi-kapremont-zhkh/;план;B;;;
Инфо: nalog-pri-prodazhe-kvartiry-s-torgov;налог при продаже квартиры купленной на торгах;информационный;/stati/nalog-pri-prodazhe-kvartiry-s-torgov/;план;B;;;
Инфо: nalog-pri-prodazhe-kvartiry-s-torgov;ндфл продажа квартиры с торгов;информационный;/stati/nalog-pri-prodazhe-kvartiry-s-torgov/;план;B;;;
Инфо: registraciya-prava-posle-torgov;регистрация права после торгов;информационный;/stati/registraciya-prava-posle-torgov/;план;B;;;
Инфо: registraciya-prava-posle-torgov;документы для регистрации квартиры после торгов;информационный;/stati/registraciya-prava-posle-torgov/;план;B;;;
Инфо: zalogovaya-kvartira-banka;купить залоговую квартиру у банка;информационный;/stati/zalogovaya-kvartira-banka/;план;B;;;
Инфо: zalogovaya-kvartira-banka;залоговая квартира риски покупателя;информационный;/stati/zalogovaya-kvartira-banka/;план;B;;;
Инфо: oshibki-na-torgah;ошибки на торгах по банкротству;информационный;/stati/oshibki-na-torgah/;план;B;;;
Инфо: oshibki-na-torgah;подводные камни торгов по банкротству;информационный;/stati/oshibki-na-torgah/;план;B;;;
Инфо: oshibki-na-torgah;минусы покупки квартиры с торгов;информационный;/stati/oshibki-na-torgah/;план;B;;;
Инфо: moshennichestvo-torgi;мошенники торги по банкротству;информационный;/stati/moshennichestvo-torgi/;план;B;;;
Инфо: moshennichestvo-torgi;развод на торгах по банкротству;информационный;/stati/moshennichestvo-torgi/;план;B;;;
Инфо: skolko-mozhno-sekonomit;сколько можно сэкономить на торгах;информационный;/stati/skolko-mozhno-sekonomit/;план;B;;;
Инфо: skolko-mozhno-sekonomit;реальная скидка на торгах по банкротству;информационный;/stati/skolko-mozhno-sekonomit/;план;B;;;
Инфо: skolko-mozhno-sekonomit;выгодно ли покупать квартиру с торгов;информационный;/stati/skolko-mozhno-sekonomit/;план;B;;;
Инфо: otkaz-ot-privatizacii-torgi;отказник от приватизации квартира с торгов;информационный;/stati/otkaz-ot-privatizacii-torgi/;план;B;;;
Инфо: otkaz-ot-privatizacii-torgi;право пожизненного проживания торги;информационный;/stati/otkaz-ot-privatizacii-torgi/;план;B;;;
Инфо: obzor-rynka-torgov-spb;статистика торгов по банкротству спб;информационный;/stati/obzor-rynka-torgov-spb/;план (ежемесячно, на своих данных);B;;;
Инфо: obzor-rynka-torgov-spb;рынок торгов недвижимостью спб;информационный;/stati/obzor-rynka-torgov-spb/;план (ежемесячно, на своих данных);B;;;
Инфо: slovar;что такое ефрсб;информационный;/slovar/;есть;A;;;
Инфо: slovar;шаг аукциона это;информационный;/slovar/;есть;A;;;
Инфо: slovar;что такое публичное предложение;информационный;/slovar/;есть;A;;;
Инфо: slovar;цена отсечения это;информационный;/slovar/;есть;A;;;
Инфо: slovar;залоговый кредитор это;информационный;/slovar/;есть;A;;;
Инфо: slovar;исполнительский иммунитет единственное жилье;информационный;/slovar/;есть;A;;;
Статистика торгов;статистика торгов по банкротству;информационный;/analitika/;есть;A;;;
Статистика торгов;сколько квартир продается на торгах;информационный;/analitika/;есть;A;;;
Статистика торгов;средняя цена квартиры на торгах;информационный;/analitika/;есть;A;;;
Статистика торгов;статистика торгов недвижимостью москва;информационный;/analitika/;есть;A;;;
Статистика торгов;рынок торгов по банкротству 2026;информационный;/analitika/;есть;A;;;
Статистика торгов;аналитика торгов по банкротству;информационный;/analitika/;есть;A;;;
Управляющим и кредиторам;продвижение лота на торгах;B2B;/partneram/;есть;B;;;
Управляющим и кредиторам;как продать имущество на торгах по банкротству быстрее;B2B;/partneram/;есть;B;;;
Управляющим и кредиторам;реклама лота торги по банкротству;B2B;/partneram/;есть;B;;;
Управляющим и кредиторам;поиск покупателя на имущество банкрота;B2B;/partneram/;есть;B;;;
Управляющим и кредиторам;подготовка лота к торгам;B2B;/partneram/;есть;B;;;
Подписка на лоты;подписка на лоты торги телеграм;коммерческий;/podpiska/;есть;B;;;
Подписка на лоты;уведомления о новых торгах по банкротству;коммерческий;/podpiska/;есть;B;;;
Подписка на лоты;рассылка торгов по банкротству;коммерческий;/podpiska/;есть;B;;;
GEO-промпты;как купить квартиру на торгах по банкротству в спб;нейроответ;разные;контроль раз в месяц;A;;;
GEO-промпты;чем торги по банкротству отличаются от торгов арестованного имущества;нейроответ;разные;контроль раз в месяц;A;;;
GEO-промпты;переходят ли долги за капремонт при покупке квартиры с торгов;нейроответ;разные;контроль раз в месяц;A;;;
GEO-промпты;как выселить жильцов из квартиры купленной на торгах;нейроответ;разные;контроль раз в месяц;A;;;
GEO-промпты;как рассчитать максимальную ставку на торгах;нейроответ;разные;контроль раз в месяц;A;;;
GEO-промпты;сколько составляет задаток на торгах по банкротству;нейроответ;разные;контроль раз в месяц;A;;;
GEO-промпты;где найти квартиры с торгов в санкт-петербурге;нейроответ;разные;контроль раз в месяц;A;;;
GEO-промпты;кто помогает купить квартиру на торгах в спб;нейроответ;разные;контроль раз в месяц;A;;;
